<?xml version="1.0" encoding="UTF-8"?>
<interface>
  <requires lib="gtk+" version="2.24"/>
  <!-- interface-naming-policy project-wide -->
  <object class="GtkListStore" id="liststore_gk">
    <columns>
      <!-- column-name surname -->
      <column type="gchararray"/>
      <!-- column-name name -->
      <column type="gchararray"/>
    </columns>
  </object>
  <object class="GtkListStore" id="liststore_pl">
    <columns>
      <!-- column-name surname -->
      <column type="gchararray"/>
      <!-- column-name name -->
      <column type="gchararray"/>
      <!-- column-name role -->
      <column type="gchararray"/>
      <!-- column-name age -->
      <column type="guint"/>
      <!-- column-name nation -->
      <column type="gchararray"/>
      <!-- column-name number -->
      <column type="guint"/>
      <!-- column-name speed -->
      <column type="guint"/>
      <!-- column-name shot -->
      <column type="guint"/>
      <!-- column-name technique -->
      <column type="guint"/>
      <!-- column-name creativity -->
      <column type="guint"/>
      <!-- column-name endurance -->
      <column type="guint"/>
      <!-- column-name tackle -->
      <column type="guint"/>
      <!-- column-name stamina -->
      <column type="guint"/>
    </columns>
  </object>
  <object class="GtkListStore" id="liststore_teams">
    <columns>
      <!-- column-name name -->
      <column type="gchararray"/>
      <!-- column-name ptr -->
      <column type="gpointer"/>
    </columns>
  </object>
  <object class="GtkListStore" id="liststore_types">
    <columns>
      <!-- column-name desc -->
      <column type="gchararray"/>
    </columns>
    <data>
      <row>
        <col id="0" translatable="yes">Cup</col>
      </row>
      <row>
        <col id="0" translatable="yes">League</col>
      </row>
      <row>
        <col id="0" translatable="yes">World Cup</col>
      </row>
      <row>
        <col id="0" translatable="yes">Champion's</col>
      </row>
    </data>
  </object>
  <object class="GtkWindow" id="window_main">
    <property name="can_focus">False</property>
    <property name="title" translatable="yes">ETW Team Editor</property>
    <child>
      <object class="GtkVBox" id="vbox1">
        <property name="visible">True</property>
        <property name="can_focus">False</property>
        <child>
          <object class="GtkHBox" id="hbox1">
            <property name="visible">True</property>
            <property name="can_focus">False</property>
            <child>
              <object class="GtkFrame" id="frame1">
                <property name="width_request">200</property>
                <property name="visible">True</property>
                <property name="can_focus">False</property>
                <property name="label_xalign">0</property>
                <property name="shadow_type">none</property>
                <child>
                  <object class="GtkAlignment" id="alignment1">
                    <property name="visible">True</property>
                    <property name="can_focus">False</property>
                    <property name="left_padding">12</property>
                    <child>
                      <object class="GtkVBox" id="vbox2">
                        <property name="visible">True</property>
                        <property name="can_focus">False</property>
                        <child>
                          <object class="GtkScrolledWindow" id="scrolledwindow1">
                            <property name="visible">True</property>
                            <property name="can_focus">True</property>
                            <property name="hscrollbar_policy">automatic</property>
                            <property name="vscrollbar_policy">automatic</property>
                            <child>
                              <object class="GtkTreeView" id="treeview_teams">
                                <property name="visible">True</property>
                                <property name="can_focus">True</property>
                                <property name="model">liststore_teams</property>
                                <property name="headers_visible">False</property>
                                <property name="reorderable">True</property>
                                <child>
                                  <object class="GtkTreeViewColumn" id="treeviewcolumn_name">
                                    <property name="title" translatable="yes">column</property>
                                    <child>
                                      <object class="GtkCellRendererText" id="cellrenderertext_teamname"/>
                                      <attributes>
                                        <attribute name="markup">0</attribute>
                                      </attributes>
                                    </child>
                                  </object>
                                </child>
                              </object>
                            </child>
                          </object>
                          <packing>
                            <property name="expand">True</property>
                            <property name="fill">True</property>
                            <property name="position">0</property>
                          </packing>
                        </child>
                        <child>
                          <object class="GtkHButtonBox" id="hbuttonbox2">
                            <property name="visible">True</property>
                            <property name="can_focus">False</property>
                            <property name="border_width">4</property>
                            <child>
                              <object class="GtkButton" id="button_edit">
                                <property name="label">gtk-edit</property>
                                <property name="use_action_appearance">False</property>
                                <property name="visible">True</property>
                                <property name="can_focus">True</property>
                                <property name="receives_default">True</property>
                                <property name="use_stock">True</property>
                              </object>
                              <packing>
                                <property name="expand">False</property>
                                <property name="fill">False</property>
                                <property name="position">0</property>
                              </packing>
                            </child>
                            <child>
                              <object class="GtkButton" id="button_delete">
                                <property name="label">gtk-delete</property>
                                <property name="use_action_appearance">False</property>
                                <property name="visible">True</property>
                                <property name="can_focus">True</property>
                                <property name="receives_default">True</property>
                                <property name="use_stock">True</property>
                              </object>
                              <packing>
                                <property name="expand">False</property>
                                <property name="fill">False</property>
                                <property name="position">1</property>
                              </packing>
                            </child>
                          </object>
                          <packing>
                            <property name="expand">False</property>
                            <property name="fill">False</property>
                            <property name="position">1</property>
                          </packing>
                        </child>
                        <child>
                          <object class="GtkHBox" id="hbox2">
                            <property name="visible">True</property>
                            <property name="can_focus">False</property>
                            <child>
                              <object class="GtkLabel" id="label1">
                                <property name="visible">True</property>
                                <property name="can_focus">False</property>
                                <property name="label" translatable="yes">Name:</property>
                              </object>
                              <packing>
                                <property name="expand">False</property>
                                <property name="fill">True</property>
                                <property name="position">0</property>
                              </packing>
                            </child>
                            <child>
                              <object class="GtkEntry" id="entry_champ">
                                <property name="visible">True</property>
                                <property name="can_focus">True</property>
                                <property name="invisible_char">•</property>
                                <property name="primary_icon_activatable">False</property>
                                <property name="secondary_icon_activatable">False</property>
                                <property name="primary_icon_sensitive">True</property>
                                <property name="secondary_icon_sensitive">True</property>
                              </object>
                              <packing>
                                <property name="expand">True</property>
                                <property name="fill">True</property>
                                <property name="position">1</property>
                              </packing>
                            </child>
                          </object>
                          <packing>
                            <property name="expand">False</property>
                            <property name="fill">True</property>
                            <property name="position">2</property>
                          </packing>
                        </child>
                        <child>
                          <object class="GtkHBox" id="hbox3">
                            <property name="visible">True</property>
                            <property name="can_focus">False</property>
                            <child>
                              <object class="GtkComboBox" id="combobox_type">
                                <property name="visible">True</property>
                                <property name="can_focus">False</property>
                                <property name="model">liststore_types</property>
                                <child>
                                  <object class="GtkCellRendererText" id="cellrenderertext12"/>
                                  <attributes>
                                    <attribute name="text">0</attribute>
                                  </attributes>
                                </child>
                              </object>
                              <packing>
                                <property name="expand">True</property>
                                <property name="fill">True</property>
                                <property name="position">0</property>
                              </packing>
                            </child>
                            <child>
                              <object class="GtkLabel" id="label5">
                                <property name="visible">True</property>
                                <property name="can_focus">False</property>
                                <property name="xalign">1</property>
                                <property name="label" translatable="yes"> Matches:</property>
                              </object>
                              <packing>
                                <property name="expand">False</property>
                                <property name="fill">True</property>
                                <property name="position">1</property>
                              </packing>
                            </child>
                            <child>
                              <object class="GtkEntry" id="entry_matches">
                                <property name="visible">True</property>
                                <property name="can_focus">True</property>
                                <property name="invisible_char">•</property>
                                <property name="width_chars">2</property>
                                <property name="primary_icon_activatable">False</property>
                                <property name="secondary_icon_activatable">False</property>
                                <property name="primary_icon_sensitive">True</property>
                                <property name="secondary_icon_sensitive">True</property>
                              </object>
                              <packing>
                                <property name="expand">False</property>
                                <property name="fill">True</property>
                                <property name="position">2</property>
                              </packing>
                            </child>
                          </object>
                          <packing>
                            <property name="expand">False</property>
                            <property name="fill">True</property>
                            <property name="position">3</property>
                          </packing>
                        </child>
                      </object>
                    </child>
                  </object>
                </child>
                <child type="label">
                  <object class="GtkLabel" id="label_teams">
                    <property name="visible">True</property>
                    <property name="can_focus">False</property>
                    <property name="label" translatable="yes">&lt;b&gt;Teams&lt;/b&gt;</property>
                    <property name="use_markup">True</property>
                  </object>
                </child>
              </object>
              <packing>
                <property name="expand">False</property>
                <property name="fill">True</property>
                <property name="position">0</property>
              </packing>
            </child>
            <child>
              <object class="GtkVSeparator" id="vseparator1">
                <property name="visible">True</property>
                <property name="can_focus">False</property>
              </object>
              <packing>
                <property name="expand">False</property>
                <property name="fill">True</property>
                <property name="position">1</property>
              </packing>
            </child>
            <child>
              <object class="GtkFrame" id="frame2">
                <property name="width_request">500</property>
                <property name="visible">True</property>
                <property name="can_focus">False</property>
                <property name="border_width">8</property>
                <property name="label_xalign">0</property>
                <property name="shadow_type">none</property>
                <child>
                  <object class="GtkVBox" id="vbox3">
                    <property name="visible">True</property>
                    <property name="can_focus">False</property>
                    <property name="border_width">4</property>
                    <child>
                      <object class="GtkFrame" id="frame3">
                        <property name="visible">True</property>
                        <property name="can_focus">False</property>
                        <property name="label_xalign">0</property>
                        <property name="shadow_type">none</property>
                        <child>
                          <object class="GtkAlignment" id="alignment2">
                            <property name="visible">True</property>
                            <property name="can_focus">False</property>
                            <property name="left_padding">12</property>
                            <child>
                              <object class="GtkScrolledWindow" id="scrolledwindow2">
                                <property name="visible">True</property>
                                <property name="can_focus">True</property>
                                <property name="hscrollbar_policy">automatic</property>
                                <property name="vscrollbar_policy">automatic</property>
                                <child>
                                  <object class="GtkTreeView" id="treeview_gk">
                                    <property name="visible">True</property>
                                    <property name="can_focus">True</property>
                                    <property name="model">liststore_gk</property>
                                    <property name="headers_clickable">False</property>
                                    <child>
                                      <object class="GtkTreeViewColumn" id="treeviewcolumn3">
                                        <property name="title" translatable="yes">Surname</property>
                                        <child>
                                          <object class="GtkCellRendererText" id="cellrenderertext4"/>
                                          <attributes>
                                            <attribute name="text">0</attribute>
                                          </attributes>
                                        </child>
                                      </object>
                                    </child>
                                    <child>
                                      <object class="GtkTreeViewColumn" id="treeviewcolumn4">
                                        <property name="title" translatable="yes">Name</property>
                                        <child>
                                          <object class="GtkCellRendererText" id="cellrenderertext3"/>
                                          <attributes>
                                            <attribute name="text">1</attribute>
                                          </attributes>
                                        </child>
                                      </object>
                                    </child>
                                  </object>
                                </child>
                              </object>
                            </child>
                          </object>
                        </child>
                        <child type="label">
                          <object class="GtkLabel" id="label3">
                            <property name="visible">True</property>
                            <property name="can_focus">False</property>
                            <property name="label" translatable="yes">&lt;b&gt;Goalkeepers&lt;/b&gt;</property>
                            <property name="use_markup">True</property>
                          </object>
                        </child>
                      </object>
                      <packing>
                        <property name="expand">False</property>
                        <property name="fill">True</property>
                        <property name="position">0</property>
                      </packing>
                    </child>
                    <child>
                      <object class="GtkFrame" id="frame4">
                        <property name="visible">True</property>
                        <property name="can_focus">False</property>
                        <property name="label_xalign">0</property>
                        <property name="shadow_type">none</property>
                        <child>
                          <object class="GtkAlignment" id="alignment3">
                            <property name="visible">True</property>
                            <property name="can_focus">False</property>
                            <property name="left_padding">12</property>
                            <child>
                              <object class="GtkScrolledWindow" id="scrolledwindow3">
                                <property name="visible">True</property>
                                <property name="can_focus">True</property>
                                <property name="hscrollbar_policy">automatic</property>
                                <property name="vscrollbar_policy">automatic</property>
                                <child>
                                  <object class="GtkTreeView" id="treeview_pl">
                                    <property name="height_request">400</property>
                                    <property name="visible">True</property>
                                    <property name="can_focus">True</property>
                                    <property name="model">liststore_pl</property>
                                    <child>
                                      <object class="GtkTreeViewColumn" id="treeviewcolumn1">
                                        <property name="title" translatable="yes">Surname</property>
                                        <property name="expand">True</property>
                                        <child>
                                          <object class="GtkCellRendererText" id="cellrenderertext1"/>
                                          <attributes>
                                            <attribute name="text">0</attribute>
                                          </attributes>
                                        </child>
                                      </object>
                                    </child>
                                    <child>
                                      <object class="GtkTreeViewColumn" id="treeviewcolumn2">
                                        <property name="title" translatable="yes">Name</property>
                                        <child>
                                          <object class="GtkCellRendererText" id="cellrenderertext2"/>
                                          <attributes>
                                            <attribute name="text">1</attribute>
                                          </attributes>
                                        </child>
                                      </object>
                                    </child>
                                    <child>
                                      <object class="GtkTreeViewColumn" id="treeviewcolumn11">
                                        <property name="title" translatable="yes">Pos</property>
                                        <child>
                                          <object class="GtkCellRendererText" id="cellrenderertext5"/>
                                          <attributes>
                                            <attribute name="text">2</attribute>
                                          </attributes>
                                        </child>
                                      </object>
                                    </child>
                                    <child>
                                      <object class="GtkTreeViewColumn" id="treeviewcolumn5">
                                        <property name="title" translatable="yes">Age</property>
                                        <child>
                                          <object class="GtkCellRendererText" id="cellrenderertext6"/>
                                          <attributes>
                                            <attribute name="text">3</attribute>
                                          </attributes>
                                        </child>
                                      </object>
                                    </child>
                                    <child>
                                      <object class="GtkTreeViewColumn" id="treeviewcolumn6">
                                        <property name="title" translatable="yes">Nat</property>
                                        <child>
                                          <object class="GtkCellRendererText" id="cellrenderertext7"/>
                                          <attributes>
                                            <attribute name="text">4</attribute>
                                          </attributes>
                                        </child>
                                      </object>
                                    </child>
                                    <child>
                                      <object class="GtkTreeViewColumn" id="treeviewcolumn7">
                                        <property name="title" translatable="yes">Num</property>
                                        <child>
                                          <object class="GtkCellRendererText" id="cellrenderertext8"/>
                                          <attributes>
                                            <attribute name="text">5</attribute>
                                          </attributes>
                                        </child>
                                      </object>
                                    </child>
                                    <child>
                                      <object class="GtkTreeViewColumn" id="treeviewcolumn8">
                                        <property name="title" translatable="yes">Spd</property>
                                        <child>
                                          <object class="GtkCellRendererText" id="cellrenderertext9"/>
                                          <attributes>
                                            <attribute name="text">6</attribute>
                                          </attributes>
                                        </child>
                                      </object>
                                    </child>
                                    <child>
                                      <object class="GtkTreeViewColumn" id="treeviewcolumn9">
                                        <property name="title" translatable="yes">Sh</property>
                                        <child>
                                          <object class="GtkCellRendererText" id="cellrenderertext10"/>
                                          <attributes>
                                            <attribute name="text">7</attribute>
                                          </attributes>
                                        </child>
                                      </object>
                                    </child>
                                    <child>
                                      <object class="GtkTreeViewColumn" id="treeviewcolumn12">
                                        <property name="title" translatable="yes">Tec</property>
                                        <child>
                                          <object class="GtkCellRendererText" id="cellrenderertext13"/>
                                          <attributes>
                                            <attribute name="text">8</attribute>
                                          </attributes>
                                        </child>
                                      </object>
                                    </child>
                                    <child>
                                      <object class="GtkTreeViewColumn" id="treeviewcolumn14">
                                        <property name="title" translatable="yes">Cre</property>
                                        <child>
                                          <object class="GtkCellRendererText" id="cellrenderertext15"/>
                                          <attributes>
                                            <attribute name="text">9</attribute>
                                          </attributes>
                                        </child>
                                      </object>
                                    </child>
                                    <child>
                                      <object class="GtkTreeViewColumn" id="treeviewcolumn13">
                                        <property name="title" translatable="yes">End</property>
                                        <child>
                                          <object class="GtkCellRendererText" id="cellrenderertext14"/>
                                          <attributes>
                                            <attribute name="text">10</attribute>
                                          </attributes>
                                        </child>
                                      </object>
                                    </child>
                                    <child>
                                      <object class="GtkTreeViewColumn" id="treeviewcolumn10">
                                        <property name="title" translatable="yes">Tk</property>
                                        <child>
                                          <object class="GtkCellRendererText" id="cellrenderertext11"/>
                                          <attributes>
                                            <attribute name="text">11</attribute>
                                          </attributes>
                                        </child>
                                      </object>
                                    </child>
                                    <child>
                                      <object class="GtkTreeViewColumn" id="treeviewcolumn15">
                                        <property name="title" translatable="yes">Sta</property>
                                        <child>
                                          <object class="GtkCellRendererText" id="cellrenderertext16"/>
                                          <attributes>
                                            <attribute name="text">12</attribute>
                                          </attributes>
                                        </child>
                                      </object>
                                    </child>
                                  </object>
                                </child>
                              </object>
                            </child>
                          </object>
                        </child>
                        <child type="label">
                          <object class="GtkLabel" id="label2">
                            <property name="visible">True</property>
                            <property name="can_focus">False</property>
                            <property name="label" translatable="yes">&lt;b&gt;Players&lt;/b&gt;</property>
                            <property name="use_markup">True</property>
                          </object>
                        </child>
                      </object>
                      <packing>
                        <property name="expand">True</property>
                        <property name="fill">True</property>
                        <property name="position">1</property>
                      </packing>
                    </child>
                    <child>
                      <object class="GtkFrame" id="frame5">
                        <property name="visible">True</property>
                        <property name="can_focus">False</property>
                        <property name="label_xalign">0</property>
                        <property name="shadow_type">none</property>
                        <child>
                          <object class="GtkAlignment" id="alignment4">
                            <property name="visible">True</property>
                            <property name="can_focus">False</property>
                            <property name="left_padding">12</property>
                            <child>
                              <object class="GtkLabel" id="label_coach">
                                <property name="visible">True</property>
                                <property name="can_focus">False</property>
                                <property name="xalign">0</property>
                                <property name="label" translatable="yes">-</property>
                              </object>
                            </child>
                          </object>
                        </child>
                        <child type="label">
                          <object class="GtkLabel" id="label4">
                            <property name="visible">True</property>
                            <property name="can_focus">False</property>
                            <property name="label" translatable="yes">&lt;b&gt;Coach&lt;/b&gt;</property>
                            <property name="use_markup">True</property>
                          </object>
                        </child>
                      </object>
                      <packing>
                        <property name="expand">False</property>
                        <property name="fill">True</property>
                        <property name="position">2</property>
                      </packing>
                    </child>
                  </object>
                </child>
                <child type="label">
                  <object class="GtkLabel" id="label_team_name">
                    <property name="visible">True</property>
                    <property name="can_focus">False</property>
                    <property name="label" translatable="yes">select a team</property>
                    <property name="use_markup">True</property>
                  </object>
                </child>
              </object>
              <packing>
                <property name="expand">True</property>
                <property name="fill">True</property>
                <property name="position">2</property>
              </packing>
            </child>
          </object>
          <packing>
            <property name="expand">True</property>
            <property name="fill">True</property>
            <property name="position">0</property>
          </packing>
        </child>
        <child>
          <object class="GtkHSeparator" id="hseparator1">
            <property name="visible">True</property>
            <property name="can_focus">False</property>
          </object>
          <packing>
            <property name="expand">False</property>
            <property name="fill">True</property>
            <property name="position">1</property>
          </packing>
        </child>
        <child>
          <object class="GtkHButtonBox" id="hbuttonbox1">
            <property name="visible">True</property>
            <property name="can_focus">False</property>
            <property name="border_width">8</property>
            <child>
              <object class="GtkButton" id="button_save">
                <property name="label">gtk-save</property>
                <property name="use_action_appearance">False</property>
                <property name="visible">True</property>
                <property name="can_focus">True</property>
                <property name="receives_default">True</property>
                <property name="use_stock">True</property>
              </object>
              <packing>
                <property name="expand">False</property>
                <property name="fill">False</property>
                <property name="position">0</property>
              </packing>
            </child>
            <child>
              <object class="GtkButton" id="button_load">
                <property name="label">gtk-open</property>
                <property name="use_action_appearance">False</property>
                <property name="visible">True</property>
                <property name="can_focus">True</property>
                <property name="receives_default">True</property>
                <property name="use_stock">True</property>
              </object>
              <packing>
                <property name="expand">False</property>
                <property name="fill">False</property>
                <property name="position">1</property>
              </packing>
            </child>
            <child>
              <object class="GtkButton" id="button_quit">
                <property name="label">gtk-quit</property>
                <property name="use_action_appearance">False</property>
                <property name="visible">True</property>
                <property name="can_focus">True</property>
                <property name="receives_default">True</property>
                <property name="use_stock">True</property>
              </object>
              <packing>
                <property name="expand">False</property>
                <property name="fill">False</property>
                <property name="position">2</property>
              </packing>
            </child>
          </object>
          <packing>
            <property name="expand">False</property>
            <property name="fill">False</property>
            <property name="position">2</property>
          </packing>
        </child>
      </object>
    </child>
  </object>
</interface>
