{
  "name": "CUP",
  "numberOfTeams": 32,
  "rounds": [
    {
      "name": "FIRST ROUND",
      "numberOfLegs": 1,
      "extraTime": "ON",
      "penalties": "ON"
    },
    {
      "name": "SECOND ROUND",
      "numberOfLegs": 1,
      "extraTime": "ON",
      "penalties": "ON"
    },
    {
      "name": "QUARTER-FINAL",
      "numberOfLegs": 1,
      "extraTime": "ON",
      "penalties": "ON"
    },
    {
      "name": "SEMI-FINAL",
      "numberOfLegs": 1,
      "extraTime": "ON",
      "penalties": "ON"
    },
    {
      "name": "FINAL",
      "numberOfLegs": 1,
      "extraTime": "ON",
      "penalties": "ON"
    }
  ],
  "substitutions": 3,
  "benchSize": 5,
  "time": "DAY",
  "weather": "BY_SEASON",
  "seasonStart": "MAY",
  "seasonEnd": "JUNE",
  "files": {
    "folder": "",
    "teams": [
      "team.algeria.json",
      "team.argentina.json",
      "team.australia.json",
      "team.belgium.json",
      "team.bosnia-herzegovina.json",
      "team.brazil.json",
      "team.cameroon.json",
      "team.chile.json",
      "team.colombia.json",
      "team.costa_rica.json",
      "team.croatia.json",
      "team.ecuador.json",
      "team.england.json",
      "team.france.json",
      "team.germany.json",
      "team.ghana.json",
      "team.greece.json",
      "team.honduras.json",
      "team.iran.json",
      "team.italy.json",
      "team.ivory_coast.json",
      "team.japan.json",
      "team.korea_republic.json",
      "team.mexico.json",
      "team.netherlands.json",
      "team.nigeria.json",
      "team.portugal.json",
      "team.russia.json",
      "team.spain.json",
      "team.switzerland.json",
      "team.united_states.json",
      "team.uruguay.json"
    ]
  }
}
